source_identity_set_id	assertion_id	source_assertion_registration_id	registration_unit_id	identity_kind	participant_role	source_namespace	source_identity_count
sis_f7106832fbbcbd59f8b29248	ar_005caf8d47105c7aa4040d5c4b4702b9ca802578eb0184b254a03110e834b808	8abe8b5f2892db328fd47d3c043f25c18dffcdd2c273be5e3f07f462552cf384	mark_phase3_canonical_vap_q1_ERR10619212	gene	gene	vap_ensembl_gene_id	878368
sis_350dfcea43441ed53c0524d7	ar_005caf8d47105c7aa4040d5c4b4702b9ca802578eb0184b254a03110e834b808	8abe8b5f2892db328fd47d3c043f25c18dffcdd2c273be5e3f07f462552cf384	mark_phase3_canonical_vap_q1_ERR10619212	gene	gene	vap_gene_symbol	878368
sis_9507eae248c8719db9a5c254	ar_005caf8d47105c7aa4040d5c4b4702b9ca802578eb0184b254a03110e834b808	8abe8b5f2892db328fd47d3c043f25c18dffcdd2c273be5e3f07f462552cf384	mark_phase3_canonical_vap_q1_ERR10619212	sample	sample	vap_sample_id	1
sis_aa0855d50a04f7be05f9163e	ar_005caf8d47105c7aa4040d5c4b4702b9ca802578eb0184b254a03110e834b808	8abe8b5f2892db328fd47d3c043f25c18dffcdd2c273be5e3f07f462552cf384	mark_phase3_canonical_vap_q1_ERR10619212	variant	variant	vap_variant_id	878368
sis_3adcd1b0aa1ecc9a9682181a	ar_00c8309ee53ea82e7b3a6c8036dbc26d50d4c91d6c392ba279d98acced5c51d9	8a80ff3f4bc4e0df615180dee8d89789a952920a6f073a84767397279a53fbcf	mark_phase3_canonical_gsc_mitochondrial_disease	gene	gene	gsc_ensembl_gene_id	3881
sis_d809f0b273cb860bc70b519e	ar_00c8309ee53ea82e7b3a6c8036dbc26d50d4c91d6c392ba279d98acced5c51d9	8a80ff3f4bc4e0df615180dee8d89789a952920a6f073a84767397279a53fbcf	mark_phase3_canonical_gsc_mitochondrial_disease	phenotype	phenotype	gsc_phenotype	3881
sis_26fb69ab111abbe792088369	ar_00fc74c5985776c0c8c3299612570496a09a5ba5244734786b1fcce12cb6efc3	fb7e1ce6bf67cccc2d48a8fb0962096858df4a6d11507b9ecfa8fc6357a82bc1	mark_phase3_canonical_vap_q3_ERR10619225	gene	gene	vap_ensembl_gene_id	3029
sis_a46dff228dc54747e79545c3	ar_00fc74c5985776c0c8c3299612570496a09a5ba5244734786b1fcce12cb6efc3	fb7e1ce6bf67cccc2d48a8fb0962096858df4a6d11507b9ecfa8fc6357a82bc1	mark_phase3_canonical_vap_q3_ERR10619225	gene	gene	vap_gene_symbol	3029
sis_c46ad070d052e85f2a294ca7	ar_00fc74c5985776c0c8c3299612570496a09a5ba5244734786b1fcce12cb6efc3	fb7e1ce6bf67cccc2d48a8fb0962096858df4a6d11507b9ecfa8fc6357a82bc1	mark_phase3_canonical_vap_q3_ERR10619225	sample	sample	vap_sample_id	1
sis_85ae94e668ab655bb214aacc	ar_00fc74c5985776c0c8c3299612570496a09a5ba5244734786b1fcce12cb6efc3	fb7e1ce6bf67cccc2d48a8fb0962096858df4a6d11507b9ecfa8fc6357a82bc1	mark_phase3_canonical_vap_q3_ERR10619225	variant	variant	vap_variant_id	3029
sis_9759e83271a2437d67eeb6e7	ar_01023d694b99a14728d9d5686f5d87ca6ee8c55125dcdda3c6565f9df0ef1ecf	ccf2ed6fb745d3fff803b9444dd0ff1c8fa50d967a96c2de374930daca25a430	mark_phase3_canonical_gsc_epilepsy	gene	gene	gsc_ensembl_gene_id	3543
sis_95f0a2f942f33209b1925d8f	ar_01023d694b99a14728d9d5686f5d87ca6ee8c55125dcdda3c6565f9df0ef1ecf	ccf2ed6fb745d3fff803b9444dd0ff1c8fa50d967a96c2de374930daca25a430	mark_phase3_canonical_gsc_epilepsy	gene_label	gene_label	gsc_gene_symbol	3543
sis_3fa7319e6b6f88c22490fd61	ar_01023d694b99a14728d9d5686f5d87ca6ee8c55125dcdda3c6565f9df0ef1ecf	ccf2ed6fb745d3fff803b9444dd0ff1c8fa50d967a96c2de374930daca25a430	mark_phase3_canonical_gsc_epilepsy	phenotype	phenotype	gsc_phenotype	3543
sis_3e4e7be8494c9a9d8388f9bc	ar_01023d694b99a14728d9d5686f5d87ca6ee8c55125dcdda3c6565f9df0ef1ecf	ccf2ed6fb745d3fff803b9444dd0ff1c8fa50d967a96c2de374930daca25a430	mark_phase3_canonical_gsc_epilepsy	provenance	provenance	gsc_provenance_id	3543
sis_ea6d13dcb4c36d0495cd3264	ar_12b6cbf81b63f52c0bcf2954a95e3c4c95f054854abb77470414400892fd3b85	480a2121b7f0425e9783e5d30deca8c3cf913f8d39d5d5b636aae97322d50340	mark_phase3_canonical_vap_q1_ERR10619212	gene	gene	vap_ensembl_gene_id	3098
sis_82097a7282127e42dfbc2129	ar_12b6cbf81b63f52c0bcf2954a95e3c4c95f054854abb77470414400892fd3b85	480a2121b7f0425e9783e5d30deca8c3cf913f8d39d5d5b636aae97322d50340	mark_phase3_canonical_vap_q1_ERR10619212	gene	gene	vap_gene_symbol	3098
sis_038ba5dc7eac7d9b1c79f884	ar_12b6cbf81b63f52c0bcf2954a95e3c4c95f054854abb77470414400892fd3b85	480a2121b7f0425e9783e5d30deca8c3cf913f8d39d5d5b636aae97322d50340	mark_phase3_canonical_vap_q1_ERR10619212	sample	sample	vap_sample_id	1
sis_d970d65bfc1c795396332b01	ar_12b6cbf81b63f52c0bcf2954a95e3c4c95f054854abb77470414400892fd3b85	480a2121b7f0425e9783e5d30deca8c3cf913f8d39d5d5b636aae97322d50340	mark_phase3_canonical_vap_q1_ERR10619212	variant	variant	vap_variant_id	3098
sis_a3c34177d611a11c344e0c42	ar_1d7539bae96135844166460fb7cc0f9cf9e7000497d7e4d464cdbceb5e79bd0a	bd6c6d863d00622fb1cb92aa2cd4e90988295661e2217431ba04ea63dd3cbfa7	mark_phase3_canonical_vap_hg002	gene	gene	vap_ensembl_gene_id	4636584
sis_8893d76075563ee5871ddcd4	ar_1d7539bae96135844166460fb7cc0f9cf9e7000497d7e4d464cdbceb5e79bd0a	bd6c6d863d00622fb1cb92aa2cd4e90988295661e2217431ba04ea63dd3cbfa7	mark_phase3_canonical_vap_hg002	gene	gene	vap_gene_symbol	4636584
sis_f7c11da09d76cb0d1877ca86	ar_1d7539bae96135844166460fb7cc0f9cf9e7000497d7e4d464cdbceb5e79bd0a	bd6c6d863d00622fb1cb92aa2cd4e90988295661e2217431ba04ea63dd3cbfa7	mark_phase3_canonical_vap_hg002	sample	sample	vap_sample_id	1
sis_b5d444c6f5ab54d769faa1ae	ar_1d7539bae96135844166460fb7cc0f9cf9e7000497d7e4d464cdbceb5e79bd0a	bd6c6d863d00622fb1cb92aa2cd4e90988295661e2217431ba04ea63dd3cbfa7	mark_phase3_canonical_vap_hg002	variant	variant	vap_variant_id	4636584
sis_b4283a42c1ea62b32c63d0fa	ar_1e4ecc84be39c84c56b34460cb6e2e285dc9721d46e3190982516c7f2dc58972	c4be66409992e0fa3cd72efed3f5e6e22103d239021a2e9758ddb376af14a469	mark_phase3_canonical_vap_hg002	gene	gene	vap_ensembl_gene_id	3733
sis_43bc9912546f7b9761627564	ar_1e4ecc84be39c84c56b34460cb6e2e285dc9721d46e3190982516c7f2dc58972	c4be66409992e0fa3cd72efed3f5e6e22103d239021a2e9758ddb376af14a469	mark_phase3_canonical_vap_hg002	gene	gene	vap_gene_symbol	3733
sis_8b2ba202411f7e3a6505aad6	ar_1e4ecc84be39c84c56b34460cb6e2e285dc9721d46e3190982516c7f2dc58972	c4be66409992e0fa3cd72efed3f5e6e22103d239021a2e9758ddb376af14a469	mark_phase3_canonical_vap_hg002	sample	sample	vap_sample_id	1
sis_f69ef18e7bd038e43f82c562	ar_1e4ecc84be39c84c56b34460cb6e2e285dc9721d46e3190982516c7f2dc58972	c4be66409992e0fa3cd72efed3f5e6e22103d239021a2e9758ddb376af14a469	mark_phase3_canonical_vap_hg002	variant	variant	vap_variant_id	3733
sis_65c5d3e94260b47a4d2e7c70	ar_266e6354494ac1939729ddeb49e0676454acd6f9098fdd904ebb84deb006da13	b0bc75522990d62ae916320c1e5183a8c3f8e37839de9316be52f46601fadf26	mark_phase3_canonical_gsc_mitochondrial_disease	evidence_source	evidence_source	gsc_source_id	3885
sis_860eeaa8d13253898615df94	ar_266e6354494ac1939729ddeb49e0676454acd6f9098fdd904ebb84deb006da13	b0bc75522990d62ae916320c1e5183a8c3f8e37839de9316be52f46601fadf26	mark_phase3_canonical_gsc_mitochondrial_disease	gene	gene	gsc_ensembl_gene_id	3885
sis_f5660b6e5c892e6be75cee89	ar_266e6354494ac1939729ddeb49e0676454acd6f9098fdd904ebb84deb006da13	b0bc75522990d62ae916320c1e5183a8c3f8e37839de9316be52f46601fadf26	mark_phase3_canonical_gsc_mitochondrial_disease	gene_label	gene_label	gsc_gene_symbol	3885
sis_9f02a6f33432d17cb6b35937	ar_266e6354494ac1939729ddeb49e0676454acd6f9098fdd904ebb84deb006da13	b0bc75522990d62ae916320c1e5183a8c3f8e37839de9316be52f46601fadf26	mark_phase3_canonical_gsc_mitochondrial_disease	phenotype	phenotype	gsc_phenotype	3885
sis_c020e29e67e52835e36cc5bf	ar_266e6354494ac1939729ddeb49e0676454acd6f9098fdd904ebb84deb006da13	b0bc75522990d62ae916320c1e5183a8c3f8e37839de9316be52f46601fadf26	mark_phase3_canonical_gsc_mitochondrial_disease	provenance	provenance	gsc_provenance_id	3885
sis_e6a58e1d57f66318186c003c	ar_266e6354494ac1939729ddeb49e0676454acd6f9098fdd904ebb84deb006da13	b0bc75522990d62ae916320c1e5183a8c3f8e37839de9316be52f46601fadf26	mark_phase3_canonical_gsc_mitochondrial_disease	source_gene	source_gene	gsc_source_gene_id	3885
sis_07ff6fd724ce62d7bd8c480b	ar_272c698ccec0014deca9b74e6cf1f31aaf2b651103e636ba8ce2f40a3ee37029	e53214585a2e995f5692e9132c95162536357e2eb6e6eaabaeee19cbe195dc9f	mark_phase3_canonical_vap_hg002	gene	gene	vap_ensembl_gene_id	4609098
sis_2ff7886495c5b9ad514e2452	ar_272c698ccec0014deca9b74e6cf1f31aaf2b651103e636ba8ce2f40a3ee37029	e53214585a2e995f5692e9132c95162536357e2eb6e6eaabaeee19cbe195dc9f	mark_phase3_canonical_vap_hg002	gene	gene	vap_gene_symbol	4609098
sis_877501618dcdb70554025c7e	ar_272c698ccec0014deca9b74e6cf1f31aaf2b651103e636ba8ce2f40a3ee37029	e53214585a2e995f5692e9132c95162536357e2eb6e6eaabaeee19cbe195dc9f	mark_phase3_canonical_vap_hg002	sample	sample	vap_sample_id	1
sis_0ce8e4dbe2cdc69ff1f57e12	ar_272c698ccec0014deca9b74e6cf1f31aaf2b651103e636ba8ce2f40a3ee37029	e53214585a2e995f5692e9132c95162536357e2eb6e6eaabaeee19cbe195dc9f	mark_phase3_canonical_vap_hg002	variant	variant	vap_variant_id	4609098
sis_00058d7dda724ab41a793ce3	ar_2c4dff52c01cd28bafd38cf40d1283437093a2aabcd798ef98d5971be301562c	9208504e5cea72e6437b7f4dd060ac98dde18d374ea3cceea000a586e5f262a8	mark_phase3_canonical_gsc_epilepsy	gene	gene	gsc_ensembl_gene_id	3543
sis_3bef8f680162be0a363f885d	ar_2c4dff52c01cd28bafd38cf40d1283437093a2aabcd798ef98d5971be301562c	9208504e5cea72e6437b7f4dd060ac98dde18d374ea3cceea000a586e5f262a8	mark_phase3_canonical_gsc_epilepsy	phenotype	phenotype	gsc_phenotype	3543
sis_800acfcb126db984fdd75d12	ar_2f4d4171bc1f184e8ab1ebfa1cdab056f204dddad8984c46b906d495690c2a83	af22359ce68d20552803c94fc66ec8e471fbb4046809ef96cdb5ad874cc19ac5	mark_phase3_canonical_vap_median_ERR10619300	gene	gene	vap_ensembl_gene_id	710029
sis_57f3a0a9550582c19f23d714	ar_2f4d4171bc1f184e8ab1ebfa1cdab056f204dddad8984c46b906d495690c2a83	af22359ce68d20552803c94fc66ec8e471fbb4046809ef96cdb5ad874cc19ac5	mark_phase3_canonical_vap_median_ERR10619300	gene	gene	vap_gene_symbol	710029
sis_474e3c446e7f5548d6997a09	ar_2f4d4171bc1f184e8ab1ebfa1cdab056f204dddad8984c46b906d495690c2a83	af22359ce68d20552803c94fc66ec8e471fbb4046809ef96cdb5ad874cc19ac5	mark_phase3_canonical_vap_median_ERR10619300	sample	sample	vap_sample_id	1
sis_8f93dadbd49cc819cf1c57dc	ar_2f4d4171bc1f184e8ab1ebfa1cdab056f204dddad8984c46b906d495690c2a83	af22359ce68d20552803c94fc66ec8e471fbb4046809ef96cdb5ad874cc19ac5	mark_phase3_canonical_vap_median_ERR10619300	variant	variant	vap_variant_id	710029
sis_fd0ddd128426d1e221978606	ar_30ed312ad799bd4af7e7e44102312c640b4cf86f452da28afc2f7b596e9ec9aa	b2b02a4f001b7762b98e2c6d5df20c939f2d830298e399a29833acbd999dca8b	mark_phase3_canonical_vap_q3_ERR10619225	gene	gene	vap_ensembl_gene_id	757635
sis_76530913488d10cca31c3752	ar_30ed312ad799bd4af7e7e44102312c640b4cf86f452da28afc2f7b596e9ec9aa	b2b02a4f001b7762b98e2c6d5df20c939f2d830298e399a29833acbd999dca8b	mark_phase3_canonical_vap_q3_ERR10619225	gene	gene	vap_gene_symbol	757635
sis_b6e958beb9755d21a3d8218b	ar_30ed312ad799bd4af7e7e44102312c640b4cf86f452da28afc2f7b596e9ec9aa	b2b02a4f001b7762b98e2c6d5df20c939f2d830298e399a29833acbd999dca8b	mark_phase3_canonical_vap_q3_ERR10619225	sample	sample	vap_sample_id	1
sis_9c13c071352b0185b8f9e76d	ar_30ed312ad799bd4af7e7e44102312c640b4cf86f452da28afc2f7b596e9ec9aa	b2b02a4f001b7762b98e2c6d5df20c939f2d830298e399a29833acbd999dca8b	mark_phase3_canonical_vap_q3_ERR10619225	variant	variant	vap_variant_id	757635
sis_bd4a92849d6fb595f360a838	ar_3664b859033acdddc0a78213516582dc0ff31251efedd753ebbe0cce05b8d232	b3a16309ebb767d227d7b1933e342022128b941138ee5da64966a7c4a99a8b9a	mark_phase3_canonical_vap_median_ERR10619300	gene	gene	vap_ensembl_gene_id	2891
sis_082fa77a30bd1439bda84bd7	ar_3664b859033acdddc0a78213516582dc0ff31251efedd753ebbe0cce05b8d232	b3a16309ebb767d227d7b1933e342022128b941138ee5da64966a7c4a99a8b9a	mark_phase3_canonical_vap_median_ERR10619300	gene	gene	vap_gene_symbol	2891
sis_2f9c6cf6731ee978c5d7c1d8	ar_3664b859033acdddc0a78213516582dc0ff31251efedd753ebbe0cce05b8d232	b3a16309ebb767d227d7b1933e342022128b941138ee5da64966a7c4a99a8b9a	mark_phase3_canonical_vap_median_ERR10619300	sample	sample	vap_sample_id	1
sis_7293b3134b3e588860e2ff60	ar_3664b859033acdddc0a78213516582dc0ff31251efedd753ebbe0cce05b8d232	b3a16309ebb767d227d7b1933e342022128b941138ee5da64966a7c4a99a8b9a	mark_phase3_canonical_vap_median_ERR10619300	variant	variant	vap_variant_id	2891
sis_fc74b4bb3a859756b0c7ed38	ar_3f83961510d57e83aaa24ca815526ac409b6f99f99a9200010aca2d0ea0f6151	a11f588287e2858eb96a94ec52f24159e174354de67452664c87e718cb6c89b6	mark_phase3_canonical_gsc_mitochondrial_disease	gene	gene	gsc_ensembl_gene_id	3881
sis_f1838410182aa73d38439e7e	ar_3f83961510d57e83aaa24ca815526ac409b6f99f99a9200010aca2d0ea0f6151	a11f588287e2858eb96a94ec52f24159e174354de67452664c87e718cb6c89b6	mark_phase3_canonical_gsc_mitochondrial_disease	gene_label	gene_label	gsc_gene_symbol	3881
sis_f4bb4f490e33b21091b1be0b	ar_3f83961510d57e83aaa24ca815526ac409b6f99f99a9200010aca2d0ea0f6151	a11f588287e2858eb96a94ec52f24159e174354de67452664c87e718cb6c89b6	mark_phase3_canonical_gsc_mitochondrial_disease	phenotype	phenotype	gsc_phenotype	3881
sis_1898bee5eac62c0592ad49d1	ar_3f83961510d57e83aaa24ca815526ac409b6f99f99a9200010aca2d0ea0f6151	a11f588287e2858eb96a94ec52f24159e174354de67452664c87e718cb6c89b6	mark_phase3_canonical_gsc_mitochondrial_disease	provenance	provenance	gsc_provenance_id	3881
sis_5aeecc72d10b220c03904109	ar_4428bcf1b2766bcaaab80dc8230999e70300d5b16e3002c1b2415d932cbb3349	c8c94902a880f0643e37a2a83e8923087788d8d778e333dfc96d50764e6693ce	mark_phase3_canonical_gsc_mitochondrial_disease	gene	gene	gsc_ensembl_gene_id	3881
sis_06b2a234031a8bea9cb9561b	ar_4428bcf1b2766bcaaab80dc8230999e70300d5b16e3002c1b2415d932cbb3349	c8c94902a880f0643e37a2a83e8923087788d8d778e333dfc96d50764e6693ce	mark_phase3_canonical_gsc_mitochondrial_disease	gene_label	gene_label	gsc_gene_symbol	3881
sis_c13e21d51b872f52b172f5fe	ar_4428bcf1b2766bcaaab80dc8230999e70300d5b16e3002c1b2415d932cbb3349	c8c94902a880f0643e37a2a83e8923087788d8d778e333dfc96d50764e6693ce	mark_phase3_canonical_gsc_mitochondrial_disease	phenotype	phenotype	gsc_phenotype	3881
sis_21d8e11fd46fc7022ead5a1d	ar_495f82e875b3e1e8dc2caa922bca0b272daa4c242d7a62aae15616509ca31d68	94e40ee00afb8be6a1702749b9e2738bbc89d0aeccded46847d46bd0dcdc0047	mark_phase3_canonical_vap_q3_ERR10619225	gene	gene	vap_ensembl_gene_id	757635
sis_1eaa98d5905ca27352e80153	ar_495f82e875b3e1e8dc2caa922bca0b272daa4c242d7a62aae15616509ca31d68	94e40ee00afb8be6a1702749b9e2738bbc89d0aeccded46847d46bd0dcdc0047	mark_phase3_canonical_vap_q3_ERR10619225	gene	gene	vap_gene_symbol	757635
sis_2ae5b4e5f148c1ad4c962800	ar_495f82e875b3e1e8dc2caa922bca0b272daa4c242d7a62aae15616509ca31d68	94e40ee00afb8be6a1702749b9e2738bbc89d0aeccded46847d46bd0dcdc0047	mark_phase3_canonical_vap_q3_ERR10619225	sample	sample	vap_sample_id	1
sis_02a16349e99b006cc141a581	ar_495f82e875b3e1e8dc2caa922bca0b272daa4c242d7a62aae15616509ca31d68	94e40ee00afb8be6a1702749b9e2738bbc89d0aeccded46847d46bd0dcdc0047	mark_phase3_canonical_vap_q3_ERR10619225	variant	variant	vap_variant_id	757635
sis_b6f0c32c56d46af2f95fc57c	ar_4a4cc3cb97be1d05a8eff9bac8e9de86b2facf5e755923ad20eac2c503b04ccb	49c9bc64aa004d5dcf1757674b34ed962dc8afdf628929728efd61c732cd513e	mark_phase3_canonical_vap_q3_ERR10619225	gene	gene	vap_ensembl_gene_id	757635
sis_dbb724d10d73b616ffeb3f55	ar_4a4cc3cb97be1d05a8eff9bac8e9de86b2facf5e755923ad20eac2c503b04ccb	49c9bc64aa004d5dcf1757674b34ed962dc8afdf628929728efd61c732cd513e	mark_phase3_canonical_vap_q3_ERR10619225	gene	gene	vap_gene_symbol	757635
sis_27007fd6392972f4f326f99a	ar_4a4cc3cb97be1d05a8eff9bac8e9de86b2facf5e755923ad20eac2c503b04ccb	49c9bc64aa004d5dcf1757674b34ed962dc8afdf628929728efd61c732cd513e	mark_phase3_canonical_vap_q3_ERR10619225	sample	sample	vap_sample_id	1
sis_8db749f76e9e150bdb2e5cb6	ar_4a4cc3cb97be1d05a8eff9bac8e9de86b2facf5e755923ad20eac2c503b04ccb	49c9bc64aa004d5dcf1757674b34ed962dc8afdf628929728efd61c732cd513e	mark_phase3_canonical_vap_q3_ERR10619225	variant	variant	vap_variant_id	757635
sis_3b383febb16fbeed2e289617	ar_4b9cbd2119119255ce053ae1410b87bb7529c784af31c9aee23fb8017df81238	d0c5ccde678cbdcfa7a39085d2e8e4788c5fdb5b9f6fbc1ff575442b89fb1d8d	mark_phase3_canonical_vap_median_ERR10619300	gene	gene	vap_ensembl_gene_id	736468
sis_be15dddd3ba4f373ec499f52	ar_4b9cbd2119119255ce053ae1410b87bb7529c784af31c9aee23fb8017df81238	d0c5ccde678cbdcfa7a39085d2e8e4788c5fdb5b9f6fbc1ff575442b89fb1d8d	mark_phase3_canonical_vap_median_ERR10619300	gene	gene	vap_gene_symbol	736468
sis_2f9ad1b0c706e9beac6cc418	ar_4b9cbd2119119255ce053ae1410b87bb7529c784af31c9aee23fb8017df81238	d0c5ccde678cbdcfa7a39085d2e8e4788c5fdb5b9f6fbc1ff575442b89fb1d8d	mark_phase3_canonical_vap_median_ERR10619300	sample	sample	vap_sample_id	1
sis_8f33d9da06d70b9d48f2d9f6	ar_4b9cbd2119119255ce053ae1410b87bb7529c784af31c9aee23fb8017df81238	d0c5ccde678cbdcfa7a39085d2e8e4788c5fdb5b9f6fbc1ff575442b89fb1d8d	mark_phase3_canonical_vap_median_ERR10619300	variant	variant	vap_variant_id	736468
sis_825844d0ab0d59990e671118	ar_55cfadc6a1f7e794f68bc9c54f74d0891ae57cd3dc30726560af5c065ef420b1	d58ae26a52488ede227913d547926c3318cea18b2b97af634e0a8952f4c6f30d	mark_phase3_canonical_vap_median_ERR10619300	gene	gene	vap_ensembl_gene_id	736468
sis_4b78f9d1268d7945127a8725	ar_55cfadc6a1f7e794f68bc9c54f74d0891ae57cd3dc30726560af5c065ef420b1	d58ae26a52488ede227913d547926c3318cea18b2b97af634e0a8952f4c6f30d	mark_phase3_canonical_vap_median_ERR10619300	gene	gene	vap_gene_symbol	736468
sis_75104323f062cc586484fc2e	ar_55cfadc6a1f7e794f68bc9c54f74d0891ae57cd3dc30726560af5c065ef420b1	d58ae26a52488ede227913d547926c3318cea18b2b97af634e0a8952f4c6f30d	mark_phase3_canonical_vap_median_ERR10619300	sample	sample	vap_sample_id	1
sis_120ea2a5d0314cc7d8ba5ec8	ar_55cfadc6a1f7e794f68bc9c54f74d0891ae57cd3dc30726560af5c065ef420b1	d58ae26a52488ede227913d547926c3318cea18b2b97af634e0a8952f4c6f30d	mark_phase3_canonical_vap_median_ERR10619300	variant	variant	vap_variant_id	736468
sis_ad4788e7c12d26317aa360eb	ar_5a034bc58fa4220b712c8054fe7b7c541004ab6bce64b6ab524df990a81b9ec1	db79fd9ab352ac21016cc8ea60dbd3cdedd46c704609368fb0cd79ecd3094efb	mark_phase3_canonical_vap_q3_ERR10619225	gene	gene	vap_ensembl_gene_id	729815
sis_00bf42133eb3a8423eaa4594	ar_5a034bc58fa4220b712c8054fe7b7c541004ab6bce64b6ab524df990a81b9ec1	db79fd9ab352ac21016cc8ea60dbd3cdedd46c704609368fb0cd79ecd3094efb	mark_phase3_canonical_vap_q3_ERR10619225	gene	gene	vap_gene_symbol	729815
sis_fe64e4865fd794f6369b94a9	ar_5a034bc58fa4220b712c8054fe7b7c541004ab6bce64b6ab524df990a81b9ec1	db79fd9ab352ac21016cc8ea60dbd3cdedd46c704609368fb0cd79ecd3094efb	mark_phase3_canonical_vap_q3_ERR10619225	sample	sample	vap_sample_id	1
sis_b163b3c93fd2f0d679c92893	ar_5a034bc58fa4220b712c8054fe7b7c541004ab6bce64b6ab524df990a81b9ec1	db79fd9ab352ac21016cc8ea60dbd3cdedd46c704609368fb0cd79ecd3094efb	mark_phase3_canonical_vap_q3_ERR10619225	variant	variant	vap_variant_id	729815
sis_72b55b89291f2221dfb90a66	ar_5f506986f6fe4b18d42ff53ed01761f79ac2e3dad4f7f52e42d86e591bc2c0f7	70858da6ffb936e7c901c981570ea14fb7cc9221ee001c58ecd058099bc5a0db	mark_phase3_canonical_vap_q3_ERR10619225	gene	gene	vap_ensembl_gene_id	27820
sis_f58bb6cb582fdf7949f1c0ab	ar_5f506986f6fe4b18d42ff53ed01761f79ac2e3dad4f7f52e42d86e591bc2c0f7	70858da6ffb936e7c901c981570ea14fb7cc9221ee001c58ecd058099bc5a0db	mark_phase3_canonical_vap_q3_ERR10619225	gene	gene	vap_gene_symbol	27820
sis_ff111d79193606338460a8f3	ar_5f506986f6fe4b18d42ff53ed01761f79ac2e3dad4f7f52e42d86e591bc2c0f7	70858da6ffb936e7c901c981570ea14fb7cc9221ee001c58ecd058099bc5a0db	mark_phase3_canonical_vap_q3_ERR10619225	sample	sample	vap_sample_id	1
sis_c43fdf6f14421409300b80da	ar_5f506986f6fe4b18d42ff53ed01761f79ac2e3dad4f7f52e42d86e591bc2c0f7	70858da6ffb936e7c901c981570ea14fb7cc9221ee001c58ecd058099bc5a0db	mark_phase3_canonical_vap_q3_ERR10619225	variant	variant	vap_variant_id	27820
sis_76044808da340943a9c7a7f3	ar_6a395fa20c2fc96f01a41ba134561b5a1c68133a9fcd31797a935661fc27e665	e684af977a956c32cf4c806f581712618591bd137df7d892059a6ad8e9da8216	mark_phase3_canonical_vap_median_ERR10619300	gene	gene	vap_ensembl_gene_id	736468
sis_b2cf59fdc5515c9f1f0f9eb2	ar_6a395fa20c2fc96f01a41ba134561b5a1c68133a9fcd31797a935661fc27e665	e684af977a956c32cf4c806f581712618591bd137df7d892059a6ad8e9da8216	mark_phase3_canonical_vap_median_ERR10619300	gene	gene	vap_gene_symbol	736468
sis_3d4e4151aa8b6f7c15383f05	ar_6a395fa20c2fc96f01a41ba134561b5a1c68133a9fcd31797a935661fc27e665	e684af977a956c32cf4c806f581712618591bd137df7d892059a6ad8e9da8216	mark_phase3_canonical_vap_median_ERR10619300	sample	sample	vap_sample_id	1
sis_41fc67d2fb066e0588b471e2	ar_6a395fa20c2fc96f01a41ba134561b5a1c68133a9fcd31797a935661fc27e665	e684af977a956c32cf4c806f581712618591bd137df7d892059a6ad8e9da8216	mark_phase3_canonical_vap_median_ERR10619300	variant	variant	vap_variant_id	736468
sis_c059c1e2abf689079b3ed6cd	ar_6add977aefe38ac43fe9b5beb4279d798a1bc0d2bf16eaba7d7ed82c78ec75a2	e2e218bf501ee115a7fe83b1b41dac94268155d5c59a5ab018fb593b20dbdb60	mark_phase3_canonical_vap_q1_ERR10619212	gene	gene	vap_ensembl_gene_id	878368
sis_ca1a56ecebffb0d95ffbce46	ar_6add977aefe38ac43fe9b5beb4279d798a1bc0d2bf16eaba7d7ed82c78ec75a2	e2e218bf501ee115a7fe83b1b41dac94268155d5c59a5ab018fb593b20dbdb60	mark_phase3_canonical_vap_q1_ERR10619212	gene	gene	vap_gene_symbol	878368
sis_f95d6976cbb5faf8ae564899	ar_6add977aefe38ac43fe9b5beb4279d798a1bc0d2bf16eaba7d7ed82c78ec75a2	e2e218bf501ee115a7fe83b1b41dac94268155d5c59a5ab018fb593b20dbdb60	mark_phase3_canonical_vap_q1_ERR10619212	sample	sample	vap_sample_id	1
sis_60cbca1d8b28fa99825f25fd	ar_6add977aefe38ac43fe9b5beb4279d798a1bc0d2bf16eaba7d7ed82c78ec75a2	e2e218bf501ee115a7fe83b1b41dac94268155d5c59a5ab018fb593b20dbdb60	mark_phase3_canonical_vap_q1_ERR10619212	variant	variant	vap_variant_id	878368
sis_4e1669630dcf09ba61306c30	ar_76b9749c5d00ec7beb1ce39b01b00a8f5dd3195bb1d40178e62713beb752f388	43eecf1345d2adfb6cb05920b7a4f9e3a84751ac7117f093c6a07e8b4831716e	mark_phase3_canonical_gsc_mitochondrial_disease	evidence_source	evidence_source	gsc_source_id	3885
sis_a28f23ad014b80395ba439d6	ar_76b9749c5d00ec7beb1ce39b01b00a8f5dd3195bb1d40178e62713beb752f388	43eecf1345d2adfb6cb05920b7a4f9e3a84751ac7117f093c6a07e8b4831716e	mark_phase3_canonical_gsc_mitochondrial_disease	gene	gene	gsc_ensembl_gene_id	3885
sis_404dbef93fe051d7845f0b36	ar_76b9749c5d00ec7beb1ce39b01b00a8f5dd3195bb1d40178e62713beb752f388	43eecf1345d2adfb6cb05920b7a4f9e3a84751ac7117f093c6a07e8b4831716e	mark_phase3_canonical_gsc_mitochondrial_disease	gene_label	gene_label	gsc_gene_symbol	3885
sis_21a425dfc625c897bb71dcda	ar_76b9749c5d00ec7beb1ce39b01b00a8f5dd3195bb1d40178e62713beb752f388	43eecf1345d2adfb6cb05920b7a4f9e3a84751ac7117f093c6a07e8b4831716e	mark_phase3_canonical_gsc_mitochondrial_disease	phenotype	phenotype	gsc_phenotype	3885
sis_b488b0e7a24b8aa20a4c09c4	ar_76b9749c5d00ec7beb1ce39b01b00a8f5dd3195bb1d40178e62713beb752f388	43eecf1345d2adfb6cb05920b7a4f9e3a84751ac7117f093c6a07e8b4831716e	mark_phase3_canonical_gsc_mitochondrial_disease	provenance	provenance	gsc_provenance_id	3885
sis_a6be0cb39e19fd7a877f5789	ar_76b9749c5d00ec7beb1ce39b01b00a8f5dd3195bb1d40178e62713beb752f388	43eecf1345d2adfb6cb05920b7a4f9e3a84751ac7117f093c6a07e8b4831716e	mark_phase3_canonical_gsc_mitochondrial_disease	semantic_channel	semantic_channel	gsc_semantic_channel	3885
sis_17ffd89fe7ae37af6b3fdff0	ar_76b9749c5d00ec7beb1ce39b01b00a8f5dd3195bb1d40178e62713beb752f388	43eecf1345d2adfb6cb05920b7a4f9e3a84751ac7117f093c6a07e8b4831716e	mark_phase3_canonical_gsc_mitochondrial_disease	source_gene	source_gene	gsc_source_gene_id	3885
sis_58734a74332e3aa7b70b656b	ar_884ce3361bee7b2641855401190c77690b5aecad7d9ac797174593cb84d73a03	6e64f0af7158409348f67a1cbcf62a4545f16a8035703854faa252123744b7e0	mark_phase3_canonical_vap_hg002	gene	gene	vap_ensembl_gene_id	27486
sis_beed7b977f7086d663124f22	ar_884ce3361bee7b2641855401190c77690b5aecad7d9ac797174593cb84d73a03	6e64f0af7158409348f67a1cbcf62a4545f16a8035703854faa252123744b7e0	mark_phase3_canonical_vap_hg002	gene	gene	vap_gene_symbol	27486
sis_41a75add7eef92746e0f3a70	ar_884ce3361bee7b2641855401190c77690b5aecad7d9ac797174593cb84d73a03	6e64f0af7158409348f67a1cbcf62a4545f16a8035703854faa252123744b7e0	mark_phase3_canonical_vap_hg002	sample	sample	vap_sample_id	1
sis_8f0e52c4537035f8f1444a11	ar_884ce3361bee7b2641855401190c77690b5aecad7d9ac797174593cb84d73a03	6e64f0af7158409348f67a1cbcf62a4545f16a8035703854faa252123744b7e0	mark_phase3_canonical_vap_hg002	variant	variant	vap_variant_id	27486
sis_c79055b9b9f1d5d6a51ac5c9	ar_92396a374befe7c3f958ad911a6214334345e0b853a116a449e590045f04716f	c92eb1c57955adeea0855953fa874b3c2fcd663d8f6e387a34e4ddc31bce24e8	mark_phase3_canonical_vap_median_ERR10619300	gene	gene	vap_ensembl_gene_id	24041
sis_0d082a6f63bf26b229872025	ar_92396a374befe7c3f958ad911a6214334345e0b853a116a449e590045f04716f	c92eb1c57955adeea0855953fa874b3c2fcd663d8f6e387a34e4ddc31bce24e8	mark_phase3_canonical_vap_median_ERR10619300	gene	gene	vap_gene_symbol	24041
sis_423c1bc901dfdace8398505a	ar_92396a374befe7c3f958ad911a6214334345e0b853a116a449e590045f04716f	c92eb1c57955adeea0855953fa874b3c2fcd663d8f6e387a34e4ddc31bce24e8	mark_phase3_canonical_vap_median_ERR10619300	sample	sample	vap_sample_id	1
sis_bf9488e3b1a3951199e522a7	ar_92396a374befe7c3f958ad911a6214334345e0b853a116a449e590045f04716f	c92eb1c57955adeea0855953fa874b3c2fcd663d8f6e387a34e4ddc31bce24e8	mark_phase3_canonical_vap_median_ERR10619300	variant	variant	vap_variant_id	24041
sis_44c7509c70ec25fd9b910f93	ar_a1f3bea235122e2443b0095c6c88e1987ce9d856ff5663c6777e71be7e5f1349	d25d9eb852c7e8087b71c4c7288037f771a1ff314538ac287ad1980f3840327f	mark_phase3_canonical_vap_hg002	gene	gene	vap_ensembl_gene_id	4636584
sis_711ad78b3866e29e710b9c37	ar_a1f3bea235122e2443b0095c6c88e1987ce9d856ff5663c6777e71be7e5f1349	d25d9eb852c7e8087b71c4c7288037f771a1ff314538ac287ad1980f3840327f	mark_phase3_canonical_vap_hg002	gene	gene	vap_gene_symbol	4636584
sis_a8ec04b31286cb333dd4fc2f	ar_a1f3bea235122e2443b0095c6c88e1987ce9d856ff5663c6777e71be7e5f1349	d25d9eb852c7e8087b71c4c7288037f771a1ff314538ac287ad1980f3840327f	mark_phase3_canonical_vap_hg002	sample	sample	vap_sample_id	1
sis_cec33e159ed11a16e1253fba	ar_a1f3bea235122e2443b0095c6c88e1987ce9d856ff5663c6777e71be7e5f1349	d25d9eb852c7e8087b71c4c7288037f771a1ff314538ac287ad1980f3840327f	mark_phase3_canonical_vap_hg002	variant	variant	vap_variant_id	4636584
sis_4bc446a0aa227e8fdf7a882a	ar_a35f7ca0d2c3bbc35ad21883eaf100979c4d9309ffe84de1a01c837895381e8f	475b6c6ca95cf3e004b382164ddacf9186cf826c95ecdf43406f9c001343964c	mark_phase3_canonical_vap_hg002	gene	gene	vap_ensembl_gene_id	4636584
sis_da107139bffb9a615b1f6410	ar_a35f7ca0d2c3bbc35ad21883eaf100979c4d9309ffe84de1a01c837895381e8f	475b6c6ca95cf3e004b382164ddacf9186cf826c95ecdf43406f9c001343964c	mark_phase3_canonical_vap_hg002	gene	gene	vap_gene_symbol	4636584
sis_f1bb66e50fb4ed78cd13fcc8	ar_a35f7ca0d2c3bbc35ad21883eaf100979c4d9309ffe84de1a01c837895381e8f	475b6c6ca95cf3e004b382164ddacf9186cf826c95ecdf43406f9c001343964c	mark_phase3_canonical_vap_hg002	sample	sample	vap_sample_id	1
sis_8b1e0b64db60a7a2cd8353c8	ar_a35f7ca0d2c3bbc35ad21883eaf100979c4d9309ffe84de1a01c837895381e8f	475b6c6ca95cf3e004b382164ddacf9186cf826c95ecdf43406f9c001343964c	mark_phase3_canonical_vap_hg002	variant	variant	vap_variant_id	4636584
sis_aaf75edfe7d66a69f971ab82	ar_a74d9cf823c5deadeacd8476fae2f325d3c9d7e6861a56fc5dd09007d5927723	e92e7b8de248ac248b3193c4e2de8530631fd211d632b7c238159fcda9e96668	mark_phase3_canonical_vap_q1_ERR10619212	gene	gene	vap_ensembl_gene_id	27149
sis_5ab8d48fe07de67c58a60cf6	ar_a74d9cf823c5deadeacd8476fae2f325d3c9d7e6861a56fc5dd09007d5927723	e92e7b8de248ac248b3193c4e2de8530631fd211d632b7c238159fcda9e96668	mark_phase3_canonical_vap_q1_ERR10619212	gene	gene	vap_gene_symbol	27149
sis_f0bc305fdb65c253b81ec4f2	ar_a74d9cf823c5deadeacd8476fae2f325d3c9d7e6861a56fc5dd09007d5927723	e92e7b8de248ac248b3193c4e2de8530631fd211d632b7c238159fcda9e96668	mark_phase3_canonical_vap_q1_ERR10619212	sample	sample	vap_sample_id	1
sis_f0535da34ae92977da2da109	ar_a74d9cf823c5deadeacd8476fae2f325d3c9d7e6861a56fc5dd09007d5927723	e92e7b8de248ac248b3193c4e2de8530631fd211d632b7c238159fcda9e96668	mark_phase3_canonical_vap_q1_ERR10619212	variant	variant	vap_variant_id	27149
sis_b3adcd131e398b1fc27f42e7	ar_a9eb6e533c78ede618f6615e2d585315bc156d0950bc27ae24945de8f3a34b3b	7ee7c115dcba52970b553273765799cd6bfc33a5a24e4b84e4a9149b5af4fa13	mark_phase3_canonical_vap_q3_ERR10619225	gene	gene	vap_ensembl_gene_id	25332
sis_1acb8f4893beac6ac70757ad	ar_a9eb6e533c78ede618f6615e2d585315bc156d0950bc27ae24945de8f3a34b3b	7ee7c115dcba52970b553273765799cd6bfc33a5a24e4b84e4a9149b5af4fa13	mark_phase3_canonical_vap_q3_ERR10619225	gene	gene	vap_gene_symbol	25332
sis_ec5475cf99ce4d4210d6cdc6	ar_a9eb6e533c78ede618f6615e2d585315bc156d0950bc27ae24945de8f3a34b3b	7ee7c115dcba52970b553273765799cd6bfc33a5a24e4b84e4a9149b5af4fa13	mark_phase3_canonical_vap_q3_ERR10619225	sample	sample	vap_sample_id	1
sis_8de1ee2792627947f804f24b	ar_a9eb6e533c78ede618f6615e2d585315bc156d0950bc27ae24945de8f3a34b3b	7ee7c115dcba52970b553273765799cd6bfc33a5a24e4b84e4a9149b5af4fa13	mark_phase3_canonical_vap_q3_ERR10619225	variant	variant	vap_variant_id	25332
sis_53d88ac7ff7b059df717d4fd	ar_b0fd3e7e6bb37d97f7629cbb0dd031b3bb12adfa910496b94ac2ddafa5c3d13b	49314e9337d60b387b0dab55f4fbaea10bde2a480632139fc89e1e88834cb4b3	mark_phase3_canonical_vap_q1_ERR10619212	gene	gene	vap_ensembl_gene_id	905517
sis_dc0f6cc981c7f1e34768b27b	ar_b0fd3e7e6bb37d97f7629cbb0dd031b3bb12adfa910496b94ac2ddafa5c3d13b	49314e9337d60b387b0dab55f4fbaea10bde2a480632139fc89e1e88834cb4b3	mark_phase3_canonical_vap_q1_ERR10619212	gene	gene	vap_gene_symbol	905517
sis_06bd83a566f374627b02e254	ar_b0fd3e7e6bb37d97f7629cbb0dd031b3bb12adfa910496b94ac2ddafa5c3d13b	49314e9337d60b387b0dab55f4fbaea10bde2a480632139fc89e1e88834cb4b3	mark_phase3_canonical_vap_q1_ERR10619212	sample	sample	vap_sample_id	1
sis_daf3513079c1be9c318caa39	ar_b0fd3e7e6bb37d97f7629cbb0dd031b3bb12adfa910496b94ac2ddafa5c3d13b	49314e9337d60b387b0dab55f4fbaea10bde2a480632139fc89e1e88834cb4b3	mark_phase3_canonical_vap_q1_ERR10619212	variant	variant	vap_variant_id	905517
sis_a7aab1a3a976503d7d292c83	ar_b1eae61a4cfaac1314915987e13aabb44ad26e5e6bbbb0c30b978fffd5c49a89	550655acd592399532576b4a11550e944b718b143a480c316eea2a5762317a7a	mark_phase3_canonical_gsc_epilepsy	evidence_source	evidence_source	gsc_source_id	4405
sis_79f3beac591b23f335e59271	ar_b1eae61a4cfaac1314915987e13aabb44ad26e5e6bbbb0c30b978fffd5c49a89	550655acd592399532576b4a11550e944b718b143a480c316eea2a5762317a7a	mark_phase3_canonical_gsc_epilepsy	gene	gene	gsc_ensembl_gene_id	4405
sis_4e8a1a45c27177b27a3724a1	ar_b1eae61a4cfaac1314915987e13aabb44ad26e5e6bbbb0c30b978fffd5c49a89	550655acd592399532576b4a11550e944b718b143a480c316eea2a5762317a7a	mark_phase3_canonical_gsc_epilepsy	gene_label	gene_label	gsc_gene_symbol	4405
sis_254bfe1980e88faa1fc0a2c0	ar_b1eae61a4cfaac1314915987e13aabb44ad26e5e6bbbb0c30b978fffd5c49a89	550655acd592399532576b4a11550e944b718b143a480c316eea2a5762317a7a	mark_phase3_canonical_gsc_epilepsy	phenotype	phenotype	gsc_phenotype	4405
sis_a81a34dfa1291e854f5aa725	ar_b1eae61a4cfaac1314915987e13aabb44ad26e5e6bbbb0c30b978fffd5c49a89	550655acd592399532576b4a11550e944b718b143a480c316eea2a5762317a7a	mark_phase3_canonical_gsc_epilepsy	provenance	provenance	gsc_provenance_id	4405
sis_d78cdb069b978e6e08dad4e6	ar_b1eae61a4cfaac1314915987e13aabb44ad26e5e6bbbb0c30b978fffd5c49a89	550655acd592399532576b4a11550e944b718b143a480c316eea2a5762317a7a	mark_phase3_canonical_gsc_epilepsy	source_gene	source_gene	gsc_source_gene_id	4398
sis_5e73e96b82a9c55353088f9c	ar_b7757290bd7b38e32710643d16ad2d3004e2d89a716200952186a0dd3e0fa198	3bdefa41efc2b128a0bab30d8425e2ce67b56e09887d226207d258196f4c239d	mark_phase3_canonical_vap_hg002	gene	gene	vap_ensembl_gene_id	4609098
sis_be4faabfd62b9f4061fe50b7	ar_b7757290bd7b38e32710643d16ad2d3004e2d89a716200952186a0dd3e0fa198	3bdefa41efc2b128a0bab30d8425e2ce67b56e09887d226207d258196f4c239d	mark_phase3_canonical_vap_hg002	gene	gene	vap_gene_symbol	4609098
sis_9f3ba26b526bb247b881da58	ar_b7757290bd7b38e32710643d16ad2d3004e2d89a716200952186a0dd3e0fa198	3bdefa41efc2b128a0bab30d8425e2ce67b56e09887d226207d258196f4c239d	mark_phase3_canonical_vap_hg002	sample	sample	vap_sample_id	1
sis_4ba468244ac0895781e4d818	ar_b7757290bd7b38e32710643d16ad2d3004e2d89a716200952186a0dd3e0fa198	3bdefa41efc2b128a0bab30d8425e2ce67b56e09887d226207d258196f4c239d	mark_phase3_canonical_vap_hg002	variant	variant	vap_variant_id	4609098
sis_898e8be37a0ac6c33af73d2d	ar_b7b06ffb4f86388b850fc87ad681f2028771e8e216f407a5d3a195830d39f5f3	f6ceb91c3307a0a84290cc2585c9e0b1cdc82f435e4eaff192b5c598ed445946	mark_phase3_canonical_gsc_epilepsy	evidence_source	evidence_source	gsc_source_id	4405
sis_e129e1a4a60af61497d36d1a	ar_b7b06ffb4f86388b850fc87ad681f2028771e8e216f407a5d3a195830d39f5f3	f6ceb91c3307a0a84290cc2585c9e0b1cdc82f435e4eaff192b5c598ed445946	mark_phase3_canonical_gsc_epilepsy	gene	gene	gsc_ensembl_gene_id	4405
sis_0f1ba92e5a1e27dc5f0d990e	ar_b7b06ffb4f86388b850fc87ad681f2028771e8e216f407a5d3a195830d39f5f3	f6ceb91c3307a0a84290cc2585c9e0b1cdc82f435e4eaff192b5c598ed445946	mark_phase3_canonical_gsc_epilepsy	gene_label	gene_label	gsc_gene_symbol	4405
sis_c22c7cb51109959a4b4e283f	ar_b7b06ffb4f86388b850fc87ad681f2028771e8e216f407a5d3a195830d39f5f3	f6ceb91c3307a0a84290cc2585c9e0b1cdc82f435e4eaff192b5c598ed445946	mark_phase3_canonical_gsc_epilepsy	phenotype	phenotype	gsc_phenotype	4405
sis_7cedbc5eee250127972189c9	ar_b7b06ffb4f86388b850fc87ad681f2028771e8e216f407a5d3a195830d39f5f3	f6ceb91c3307a0a84290cc2585c9e0b1cdc82f435e4eaff192b5c598ed445946	mark_phase3_canonical_gsc_epilepsy	provenance	provenance	gsc_provenance_id	4405
sis_37236d0d4a5a7551bbb08fa0	ar_b7b06ffb4f86388b850fc87ad681f2028771e8e216f407a5d3a195830d39f5f3	f6ceb91c3307a0a84290cc2585c9e0b1cdc82f435e4eaff192b5c598ed445946	mark_phase3_canonical_gsc_epilepsy	semantic_channel	semantic_channel	gsc_semantic_channel	4405
sis_e2d3c4d851d818edeae29454	ar_b7b06ffb4f86388b850fc87ad681f2028771e8e216f407a5d3a195830d39f5f3	f6ceb91c3307a0a84290cc2585c9e0b1cdc82f435e4eaff192b5c598ed445946	mark_phase3_canonical_gsc_epilepsy	source_gene	source_gene	gsc_source_gene_id	4398
sis_c1ba3d87cd28cdbb9e52a442	ar_c0d841f629c817575d6c1c864c1c0ee2519300fe278390660127b2f8a8966caf	b319c81db89a5d4ea4f7bc450527f1ea74c058bd11174665a30872f41c457b75	mark_phase3_canonical_vap_q1_ERR10619212	gene	gene	vap_ensembl_gene_id	905517
sis_f97d9bfd666925fdc09a7c56	ar_c0d841f629c817575d6c1c864c1c0ee2519300fe278390660127b2f8a8966caf	b319c81db89a5d4ea4f7bc450527f1ea74c058bd11174665a30872f41c457b75	mark_phase3_canonical_vap_q1_ERR10619212	gene	gene	vap_gene_symbol	905517
sis_1d6cba746864223a79232b34	ar_c0d841f629c817575d6c1c864c1c0ee2519300fe278390660127b2f8a8966caf	b319c81db89a5d4ea4f7bc450527f1ea74c058bd11174665a30872f41c457b75	mark_phase3_canonical_vap_q1_ERR10619212	sample	sample	vap_sample_id	1
sis_97591fa14c65af8727c2e1a7	ar_c0d841f629c817575d6c1c864c1c0ee2519300fe278390660127b2f8a8966caf	b319c81db89a5d4ea4f7bc450527f1ea74c058bd11174665a30872f41c457b75	mark_phase3_canonical_vap_q1_ERR10619212	variant	variant	vap_variant_id	905517
sis_7412fc47d56cfeb4bf926397	ar_c2651bd4ac55176bf518bd911c740b8fcb46e1f6c11b23e894f16c2dcd7c526d	0958865944cfc4551a2a9d70cf8587a80761d10f60feaa9317c43dba3899bff3	mark_phase3_canonical_gsc_epilepsy	gene	gene	gsc_ensembl_gene_id	3543
sis_2164cb8fc78d1da857441408	ar_c2651bd4ac55176bf518bd911c740b8fcb46e1f6c11b23e894f16c2dcd7c526d	0958865944cfc4551a2a9d70cf8587a80761d10f60feaa9317c43dba3899bff3	mark_phase3_canonical_gsc_epilepsy	gene_label	gene_label	gsc_gene_symbol	3543
sis_259bb5ce60af87dbbcad3083	ar_c2651bd4ac55176bf518bd911c740b8fcb46e1f6c11b23e894f16c2dcd7c526d	0958865944cfc4551a2a9d70cf8587a80761d10f60feaa9317c43dba3899bff3	mark_phase3_canonical_gsc_epilepsy	phenotype	phenotype	gsc_phenotype	3543
sis_c3e6c6d00ac7dd8af9068cba	ar_c53698934cce02719df0f674c9dccfc22b9d5c7f308082713f8fbfab5bd31c7f	86f00ad2329fbc02990afa47fd3806a01ab182cd7b16e29cb5a2eb5d46ad5fe6	mark_phase3_canonical_vap_median_ERR10619300	gene	gene	vap_ensembl_gene_id	736468
sis_7a2a6423a52b361277325ee7	ar_c53698934cce02719df0f674c9dccfc22b9d5c7f308082713f8fbfab5bd31c7f	86f00ad2329fbc02990afa47fd3806a01ab182cd7b16e29cb5a2eb5d46ad5fe6	mark_phase3_canonical_vap_median_ERR10619300	gene	gene	vap_gene_symbol	736468
sis_1c5a0ed74f953e3d862c9289	ar_c53698934cce02719df0f674c9dccfc22b9d5c7f308082713f8fbfab5bd31c7f	86f00ad2329fbc02990afa47fd3806a01ab182cd7b16e29cb5a2eb5d46ad5fe6	mark_phase3_canonical_vap_median_ERR10619300	sample	sample	vap_sample_id	1
sis_7b02a888f9ae7355a7ec2179	ar_c53698934cce02719df0f674c9dccfc22b9d5c7f308082713f8fbfab5bd31c7f	86f00ad2329fbc02990afa47fd3806a01ab182cd7b16e29cb5a2eb5d46ad5fe6	mark_phase3_canonical_vap_median_ERR10619300	variant	variant	vap_variant_id	736468
sis_603826d4f1230f2a14822c12	ar_c915daffa16f084c26236a1da0942e68a6f6a6b638f7f4722625ab3d472a8353	41477a08c4122f0577663bd1f9960a7b10a5737fc0467fff3faee3269faed1f3	mark_phase3_canonical_vap_median_ERR10619300	gene	gene	vap_ensembl_gene_id	710029
sis_53ee947a7708dcb37004710a	ar_c915daffa16f084c26236a1da0942e68a6f6a6b638f7f4722625ab3d472a8353	41477a08c4122f0577663bd1f9960a7b10a5737fc0467fff3faee3269faed1f3	mark_phase3_canonical_vap_median_ERR10619300	gene	gene	vap_gene_symbol	710029
sis_3b12a656ca1c667b79bfcf20	ar_c915daffa16f084c26236a1da0942e68a6f6a6b638f7f4722625ab3d472a8353	41477a08c4122f0577663bd1f9960a7b10a5737fc0467fff3faee3269faed1f3	mark_phase3_canonical_vap_median_ERR10619300	sample	sample	vap_sample_id	1
sis_397ccae955a1ee9b79c0de53	ar_c915daffa16f084c26236a1da0942e68a6f6a6b638f7f4722625ab3d472a8353	41477a08c4122f0577663bd1f9960a7b10a5737fc0467fff3faee3269faed1f3	mark_phase3_canonical_vap_median_ERR10619300	variant	variant	vap_variant_id	710029
sis_6648d2d91ab8e422cb9a2d4d	ar_cbd3e38ed96d2c46e9aa0c9ef5405c31fbb27c2af9075268be2c3ff78787fe19	5930a5267626ae712f74c50433eba47daf2f83b81675f9805150fb90c61ef3dc	mark_phase3_canonical_vap_hg002	gene	gene	vap_ensembl_gene_id	4636584
sis_b608c4b777334032d8de1a73	ar_cbd3e38ed96d2c46e9aa0c9ef5405c31fbb27c2af9075268be2c3ff78787fe19	5930a5267626ae712f74c50433eba47daf2f83b81675f9805150fb90c61ef3dc	mark_phase3_canonical_vap_hg002	gene	gene	vap_gene_symbol	4636584
sis_1aca2549aadf8242f5977113	ar_cbd3e38ed96d2c46e9aa0c9ef5405c31fbb27c2af9075268be2c3ff78787fe19	5930a5267626ae712f74c50433eba47daf2f83b81675f9805150fb90c61ef3dc	mark_phase3_canonical_vap_hg002	sample	sample	vap_sample_id	1
sis_0f2119559af9d8154fbcb8b6	ar_cbd3e38ed96d2c46e9aa0c9ef5405c31fbb27c2af9075268be2c3ff78787fe19	5930a5267626ae712f74c50433eba47daf2f83b81675f9805150fb90c61ef3dc	mark_phase3_canonical_vap_hg002	variant	variant	vap_variant_id	4636584
sis_c018597e5681220653df5414	ar_cbf12ec6a12eb2b299b95f205deb5d22bfcdf06072e6c6a2f97a722a64ffcedc	1abb4d7ce65e4cf6f1bfaf0597d6874c7f2e1881bd9ea0f6842be5b6f90129d0	mark_phase3_canonical_vap_q3_ERR10619225	gene	gene	vap_ensembl_gene_id	757635
sis_41d010435acef69bfbad8f1c	ar_cbf12ec6a12eb2b299b95f205deb5d22bfcdf06072e6c6a2f97a722a64ffcedc	1abb4d7ce65e4cf6f1bfaf0597d6874c7f2e1881bd9ea0f6842be5b6f90129d0	mark_phase3_canonical_vap_q3_ERR10619225	gene	gene	vap_gene_symbol	757635
sis_545017f6a6db5847d5d3b39b	ar_cbf12ec6a12eb2b299b95f205deb5d22bfcdf06072e6c6a2f97a722a64ffcedc	1abb4d7ce65e4cf6f1bfaf0597d6874c7f2e1881bd9ea0f6842be5b6f90129d0	mark_phase3_canonical_vap_q3_ERR10619225	sample	sample	vap_sample_id	1
sis_af774d59615a986bfd323ac9	ar_cbf12ec6a12eb2b299b95f205deb5d22bfcdf06072e6c6a2f97a722a64ffcedc	1abb4d7ce65e4cf6f1bfaf0597d6874c7f2e1881bd9ea0f6842be5b6f90129d0	mark_phase3_canonical_vap_q3_ERR10619225	variant	variant	vap_variant_id	757635
sis_81457b34b5bc20c7fe541071	ar_ce5d95d28470ed056afcb8944130307bdb1465d1457f4d1cea0ab653a74c3e98	ff69f82548a53438b765e820b88fbbff611ba0a231499ff2d0014ffbbd5de14c	mark_phase3_canonical_vap_q1_ERR10619212	gene	gene	vap_ensembl_gene_id	905517
sis_014a81c6e1da6cd6d0ec9c74	ar_ce5d95d28470ed056afcb8944130307bdb1465d1457f4d1cea0ab653a74c3e98	ff69f82548a53438b765e820b88fbbff611ba0a231499ff2d0014ffbbd5de14c	mark_phase3_canonical_vap_q1_ERR10619212	gene	gene	vap_gene_symbol	905517
sis_64d363f3af5fef70dc6e767b	ar_ce5d95d28470ed056afcb8944130307bdb1465d1457f4d1cea0ab653a74c3e98	ff69f82548a53438b765e820b88fbbff611ba0a231499ff2d0014ffbbd5de14c	mark_phase3_canonical_vap_q1_ERR10619212	sample	sample	vap_sample_id	1
sis_0b56657978c73b40916d5567	ar_ce5d95d28470ed056afcb8944130307bdb1465d1457f4d1cea0ab653a74c3e98	ff69f82548a53438b765e820b88fbbff611ba0a231499ff2d0014ffbbd5de14c	mark_phase3_canonical_vap_q1_ERR10619212	variant	variant	vap_variant_id	905517
sis_54a7e761537e7b1ceeef8096	ar_e06553097cd6e48f9e81d0f4d369960d0fb776c4a77b2207df990475628d10d3	a4ce5c1bb4fd316533fe8729f0c0bac7b8cfb570b76ef93f22fd714c93dc6775	mark_phase3_canonical_vap_median_ERR10619300	gene	gene	vap_ensembl_gene_id	736468
sis_4ee0915dd2e97c9b8e3df380	ar_e06553097cd6e48f9e81d0f4d369960d0fb776c4a77b2207df990475628d10d3	a4ce5c1bb4fd316533fe8729f0c0bac7b8cfb570b76ef93f22fd714c93dc6775	mark_phase3_canonical_vap_median_ERR10619300	gene	gene	vap_gene_symbol	736468
sis_76775ab47a37fb3b172c9b89	ar_e06553097cd6e48f9e81d0f4d369960d0fb776c4a77b2207df990475628d10d3	a4ce5c1bb4fd316533fe8729f0c0bac7b8cfb570b76ef93f22fd714c93dc6775	mark_phase3_canonical_vap_median_ERR10619300	sample	sample	vap_sample_id	1
sis_2ea686c56edc5979df63e704	ar_e06553097cd6e48f9e81d0f4d369960d0fb776c4a77b2207df990475628d10d3	a4ce5c1bb4fd316533fe8729f0c0bac7b8cfb570b76ef93f22fd714c93dc6775	mark_phase3_canonical_vap_median_ERR10619300	variant	variant	vap_variant_id	736468
sis_e6185ad854d2f2a7b92ce484	ar_e1588489412735edc70d5e2d3c6f31f136571c49fc368a13f73af55631a23ea9	e3d41e96f669bb5f94bec232c344504d9d110df37c14fc0d3f4416a1e5cabf34	mark_phase3_canonical_vap_q3_ERR10619225	gene	gene	vap_ensembl_gene_id	757635
sis_36feab911274f9e8dea54b28	ar_e1588489412735edc70d5e2d3c6f31f136571c49fc368a13f73af55631a23ea9	e3d41e96f669bb5f94bec232c344504d9d110df37c14fc0d3f4416a1e5cabf34	mark_phase3_canonical_vap_q3_ERR10619225	gene	gene	vap_gene_symbol	757635
sis_3715095ee357afad89732300	ar_e1588489412735edc70d5e2d3c6f31f136571c49fc368a13f73af55631a23ea9	e3d41e96f669bb5f94bec232c344504d9d110df37c14fc0d3f4416a1e5cabf34	mark_phase3_canonical_vap_q3_ERR10619225	sample	sample	vap_sample_id	1
sis_7e97612ac56f58f89d4b57bb	ar_e1588489412735edc70d5e2d3c6f31f136571c49fc368a13f73af55631a23ea9	e3d41e96f669bb5f94bec232c344504d9d110df37c14fc0d3f4416a1e5cabf34	mark_phase3_canonical_vap_q3_ERR10619225	variant	variant	vap_variant_id	757635
sis_6c857f75fa40170ef03f3172	ar_ecfcdef501b807dfe3517e3ebd0304d7a3921907155572b27d7fb22028c5fe5a	f75e9be2d136e2cef23114fc55736d8313025b0dba3cc8b6dfd83e96a226ff6d	mark_phase3_canonical_vap_q1_ERR10619212	gene	gene	vap_ensembl_gene_id	24592
sis_d4d8c1b292b1d9504f7ad2a8	ar_ecfcdef501b807dfe3517e3ebd0304d7a3921907155572b27d7fb22028c5fe5a	f75e9be2d136e2cef23114fc55736d8313025b0dba3cc8b6dfd83e96a226ff6d	mark_phase3_canonical_vap_q1_ERR10619212	gene	gene	vap_gene_symbol	24592
sis_112578dc0bd1d2ac816f6605	ar_ecfcdef501b807dfe3517e3ebd0304d7a3921907155572b27d7fb22028c5fe5a	f75e9be2d136e2cef23114fc55736d8313025b0dba3cc8b6dfd83e96a226ff6d	mark_phase3_canonical_vap_q1_ERR10619212	sample	sample	vap_sample_id	1
sis_feeb82c821437afda7fbf79b	ar_ecfcdef501b807dfe3517e3ebd0304d7a3921907155572b27d7fb22028c5fe5a	f75e9be2d136e2cef23114fc55736d8313025b0dba3cc8b6dfd83e96a226ff6d	mark_phase3_canonical_vap_q1_ERR10619212	variant	variant	vap_variant_id	24592
sis_65e7869f7fc474b5bc76a08f	ar_f2dadaa1fa45fae094cbedf90ad8df88cf5b494756e412dfb1c2e0a0591357f2	978c99e62cc4d19e2114fe047db489d242a17e1fb99592182840714d934a0dcc	mark_phase3_canonical_vap_hg002	gene	gene	vap_ensembl_gene_id	24278
sis_040ba8808c913097768a0080	ar_f2dadaa1fa45fae094cbedf90ad8df88cf5b494756e412dfb1c2e0a0591357f2	978c99e62cc4d19e2114fe047db489d242a17e1fb99592182840714d934a0dcc	mark_phase3_canonical_vap_hg002	gene	gene	vap_gene_symbol	24278
sis_e14cc4541b02076929543d80	ar_f2dadaa1fa45fae094cbedf90ad8df88cf5b494756e412dfb1c2e0a0591357f2	978c99e62cc4d19e2114fe047db489d242a17e1fb99592182840714d934a0dcc	mark_phase3_canonical_vap_hg002	sample	sample	vap_sample_id	1
sis_393d242c65c3805232881a7a	ar_f2dadaa1fa45fae094cbedf90ad8df88cf5b494756e412dfb1c2e0a0591357f2	978c99e62cc4d19e2114fe047db489d242a17e1fb99592182840714d934a0dcc	mark_phase3_canonical_vap_hg002	variant	variant	vap_variant_id	24278
sis_1d923391c5cb91f503b6abf3	ar_f64cb4134b38291f0ac2423be52d6e3c8a7b6a56d1fce48e9a514ec08182f8bc	58c35f979a9bd5d231eaf3d5b901b09d8a42d2f90dad8ecb1388dd3891a07b34	mark_phase3_canonical_vap_q3_ERR10619225	gene	gene	vap_ensembl_gene_id	729815
sis_2fe2a78e2ca9171bdc5802d2	ar_f64cb4134b38291f0ac2423be52d6e3c8a7b6a56d1fce48e9a514ec08182f8bc	58c35f979a9bd5d231eaf3d5b901b09d8a42d2f90dad8ecb1388dd3891a07b34	mark_phase3_canonical_vap_q3_ERR10619225	gene	gene	vap_gene_symbol	729815
sis_5aed005586155554e6e0220a	ar_f64cb4134b38291f0ac2423be52d6e3c8a7b6a56d1fce48e9a514ec08182f8bc	58c35f979a9bd5d231eaf3d5b901b09d8a42d2f90dad8ecb1388dd3891a07b34	mark_phase3_canonical_vap_q3_ERR10619225	sample	sample	vap_sample_id	1
sis_6b698f4656ac2e303d42b42a	ar_f64cb4134b38291f0ac2423be52d6e3c8a7b6a56d1fce48e9a514ec08182f8bc	58c35f979a9bd5d231eaf3d5b901b09d8a42d2f90dad8ecb1388dd3891a07b34	mark_phase3_canonical_vap_q3_ERR10619225	variant	variant	vap_variant_id	729815
sis_d947efadafe2f6dfac5757c1	ar_f660a413440f9a43d96b4211b92d15c2a5bb682ce342be73b39982cc6342b573	8165c60c68841844dcfcb6371f6afcc38e9b0bad787ab3be49e5c281e7b9cf3e	mark_phase3_canonical_vap_q1_ERR10619212	gene	gene	vap_ensembl_gene_id	905517
sis_8b797723df0120131409a11d	ar_f660a413440f9a43d96b4211b92d15c2a5bb682ce342be73b39982cc6342b573	8165c60c68841844dcfcb6371f6afcc38e9b0bad787ab3be49e5c281e7b9cf3e	mark_phase3_canonical_vap_q1_ERR10619212	gene	gene	vap_gene_symbol	905517
sis_4a9282ad67952a4330649909	ar_f660a413440f9a43d96b4211b92d15c2a5bb682ce342be73b39982cc6342b573	8165c60c68841844dcfcb6371f6afcc38e9b0bad787ab3be49e5c281e7b9cf3e	mark_phase3_canonical_vap_q1_ERR10619212	sample	sample	vap_sample_id	1
sis_04f08a7eab0ccc0e1f06dbd9	ar_f660a413440f9a43d96b4211b92d15c2a5bb682ce342be73b39982cc6342b573	8165c60c68841844dcfcb6371f6afcc38e9b0bad787ab3be49e5c281e7b9cf3e	mark_phase3_canonical_vap_q1_ERR10619212	variant	variant	vap_variant_id	905517
sis_243c9cf38576c03bdedd1c3a	ar_f83d0499b1443ad19e3a1cf64763954b6b470ab85c82f3e474fcc0e3c6fc98a8	5fecbfcbefe2259a8aefebbf729bf3d5b5449032d08d40dc96d57afede0d5457	mark_phase3_canonical_vap_median_ERR10619300	gene	gene	vap_ensembl_gene_id	26439
sis_f5fc67128a20564478eaad98	ar_f83d0499b1443ad19e3a1cf64763954b6b470ab85c82f3e474fcc0e3c6fc98a8	5fecbfcbefe2259a8aefebbf729bf3d5b5449032d08d40dc96d57afede0d5457	mark_phase3_canonical_vap_median_ERR10619300	gene	gene	vap_gene_symbol	26439
sis_37b98ac562448ba1da11348d	ar_f83d0499b1443ad19e3a1cf64763954b6b470ab85c82f3e474fcc0e3c6fc98a8	5fecbfcbefe2259a8aefebbf729bf3d5b5449032d08d40dc96d57afede0d5457	mark_phase3_canonical_vap_median_ERR10619300	sample	sample	vap_sample_id	1
sis_269e11d4583e34254693ec1a	ar_f83d0499b1443ad19e3a1cf64763954b6b470ab85c82f3e474fcc0e3c6fc98a8	5fecbfcbefe2259a8aefebbf729bf3d5b5449032d08d40dc96d57afede0d5457	mark_phase3_canonical_vap_median_ERR10619300	variant	variant	vap_variant_id	26439
sis_69db0277881dc7489c2c527f	ar_fccad91cc8c6d833f77ebfef48c19f89ac4a515c7e4592a4c9a1486a8498289b	0fd2114955425d2175ce5f3753d31979f95b8da04a445a238796d26be3cbd1b4	mark_phase3_canonical_vap_hg002	gene	gene	vap_ensembl_gene_id	4636584
sis_0a135df1ebe7f8260f79c3a7	ar_fccad91cc8c6d833f77ebfef48c19f89ac4a515c7e4592a4c9a1486a8498289b	0fd2114955425d2175ce5f3753d31979f95b8da04a445a238796d26be3cbd1b4	mark_phase3_canonical_vap_hg002	gene	gene	vap_gene_symbol	4636584
sis_7916885782a4ea0cd95ef59f	ar_fccad91cc8c6d833f77ebfef48c19f89ac4a515c7e4592a4c9a1486a8498289b	0fd2114955425d2175ce5f3753d31979f95b8da04a445a238796d26be3cbd1b4	mark_phase3_canonical_vap_hg002	sample	sample	vap_sample_id	1
sis_4130442758963a61825d9281	ar_fccad91cc8c6d833f77ebfef48c19f89ac4a515c7e4592a4c9a1486a8498289b	0fd2114955425d2175ce5f3753d31979f95b8da04a445a238796d26be3cbd1b4	mark_phase3_canonical_vap_hg002	variant	variant	vap_variant_id	4636584
sis_3783dbeddbc469549b296e5c	ar_fe242a404011f9fc256699c453053410345b009bbbd9b59856df5f9a5265c7a7	26424ec263c1efc0e86f36c7e442a629bb6437d921e72b972c5097a8fd387b25	mark_phase3_canonical_vap_q1_ERR10619212	gene	gene	vap_ensembl_gene_id	905517
sis_cc1b0b11fcaa0d648f3ca371	ar_fe242a404011f9fc256699c453053410345b009bbbd9b59856df5f9a5265c7a7	26424ec263c1efc0e86f36c7e442a629bb6437d921e72b972c5097a8fd387b25	mark_phase3_canonical_vap_q1_ERR10619212	gene	gene	vap_gene_symbol	905517
sis_61c33eb00628f50a45367620	ar_fe242a404011f9fc256699c453053410345b009bbbd9b59856df5f9a5265c7a7	26424ec263c1efc0e86f36c7e442a629bb6437d921e72b972c5097a8fd387b25	mark_phase3_canonical_vap_q1_ERR10619212	sample	sample	vap_sample_id	1
sis_b76936f3866639937b5cffcd	ar_fe242a404011f9fc256699c453053410345b009bbbd9b59856df5f9a5265c7a7	26424ec263c1efc0e86f36c7e442a629bb6437d921e72b972c5097a8fd387b25	mark_phase3_canonical_vap_q1_ERR10619212	variant	variant	vap_variant_id	905517
